[
  {
    "companyName": "Reliance Industries Limited",
    "year": "2020-21",
    "totalTurnover": 590257.0,
    "netWorth": 388596.0,
    "isMandatedByLaw": true,
    "csrPolicies": [
      "Sustainable Development Goals",
      "Education",
      "Healthcare",
      "Skill Development",
      "Rural Development",
      "Empowerment of Women",
      "Environment Protection"
    ],
    "annualCsrSpend": 1000.0,
    "unspentCsr": 0.0,
    "methodOfExecution": [
      "Direct Implementation",
      "Partnerships with NGOs",
      "Grants"
    ],
    "geographicsOfInterest": [
      "India",
      "International"
    ]
  },
  {
    "companyName": "Tata Consultancy Services Limited",
    "year": "2020-21",
    "totalTurnover": 191753.0,
    "netWorth": 126954.0,
    "isMandatedByLaw": true,
    "csrPolicies": [
      "Sustainable Development Goals",
      "Education",
      "Healthcare",
      "Livelihood Development",
      "Environment"
    ],
    "annualCsrSpend": 100.0,
    "unspentCsr": 0.0,
    "methodOfExecution": [
      "Direct Execution",
      "Partnerships with NGOs",
      "Grant Making"
    ],
    "geographicsOfInterest": [
      "India",
      "Global"
    ]
  },
  {
    "companyName": "HDFC Bank Limited",
    "year": "2020-21",
    "totalTurnover": 123860.0,
    "netWorth": 140974.0,
    "isMandatedByLaw": true,
    "csrPolicies": [
      "Sustainable Development Goals (SDGs)",
      "Environmental Sustainability",
      "Financial Inclusion",
      "Education and Skill Development",
      "Health and Hygiene",
      "Community Development"
    ],
    "annualCsrSpend": 475.0,
    "unspentCsr": 0.0,
    "methodOfExecution": [
      "Direct Implementation",
      "Partnerships with NGOs",
      "Grants and Donations"
    ],
    "geographicsOfInterest": [
      "India"
    ]
  },
  {
    "companyName": "ICICI Bank Limited",
    "year": "2020-21",
    "totalTurnover": 102880.0,
    "netWorth": 170598.0,
    "isMandatedByLaw": true,
    "csrPolicies": [
      "Sustainable Development Goals",
      "Financial Inclusion",
      "Education",
      "Healthcare",
      "Skill Development",
      "Environmental Sustainability",
      "Disaster Relief"
    ],
    "annualCsrSpend": 450.0,
    "unspentCsr": 0.0,
    "methodOfExecution": [
      "Direct Implementation",
      "Partnerships with NGOs",
      "Grant Making"
    ],
    "geographicsOfInterest": [
      "India"
    ]
  },
  {
    "companyName": "Infosys Limited",
    "year": "2020-21",
    "totalTurnover": 104220.0,
    "netWorth": 84200.0,
    "isMandatedByLaw": true,
    "csrPolicies": [
      "Education",
      "Healthcare",
      "Rural Development",
      "Environment"
    ],
    "annualCsrSpend": 360.0,
    "unspentCsr": 10.0,
    "methodOfExecution": [
      "Direct Implementation",
      "Partnerships with NGOs",
      "Grants"
    ],
    "geographicsOfInterest": [
      "India",
      "Global"
    ]
  },
  {
    "companyName": "Hindustan Unilever Limited",
    "year": "2020-21",
    "totalTurnover": 45000.0,
    "netWorth": 37000.0,
    "isMandatedByLaw": true,
    "csrPolicies": [
      "Health and Well-being",
      "Water and Sanitation",
      "Sustainable Livelihoods"
    ],
    "annualCsrSpend": 120.0,
    "unspentCsr": 5.0,
    "methodOfExecution": [
      "Direct Implementation",
      "Partnerships",
      "Grants"
    ],
    "geographicsOfInterest": [
      "India"
    ]
  },
  {
    "companyName": "State Bank of India",
    "year": "2020-21",
    "totalTurnover": 278200.0,
    "netWorth": 214000.0,
    "isMandatedByLaw": true,
    "csrPolicies": [
      "Education",
      "Healthcare",
      "Sanitation",
      "Environment"
    ],
    "annualCsrSpend": 500.0,
    "unspentCsr": 15.0,
    "methodOfExecution": [
      "Direct Implementation",
      "Partnerships with NGOs"
    ],
    "geographicsOfInterest": [
      "India"
    ]
  },
  {
    "companyName": "Housing Development Finance Corporation Limited",
    "year": "2020-21",
    "totalTurnover": 106500.0,
    "netWorth": 92000.0,
    "isMandatedByLaw": true,
    "csrPolicies": [
      "Education",
      "Healthcare",
      "Community Development",
      "Environment"
    ],
    "annualCsrSpend": 200.0,
    "unspentCsr": 8.0,
    "methodOfExecution": [
      "Direct Implementation",
      "Partnerships with NGOs",
      "Grants"
    ],
    "geographicsOfInterest": [
      "India"
    ]
  },
  {
    "companyName": "Adani Enterprises Limited",
    "year": "2020-21",
    "totalTurnover": 38000.0,
    "netWorth": 25000.0,
    "isMandatedByLaw": true,
    "csrPolicies": [
      "Education",
      "Healthcare",
      "Sustainable Development Goals",
      "Rural Development"
    ],
    "annualCsrSpend": 80.0,
    "unspentCsr": 2.0,
    "methodOfExecution": [
      "Direct Implementation",
      "Partnerships"
    ],
    "geographicsOfInterest": [
      "India"
    ]
  },
  {
    "companyName": "Bharti Airtel Limited",
    "year": "2020-21",
    "totalTurnover": 100000.0,
    "netWorth": 80000.0,
    "isMandatedByLaw": true,
    "csrPolicies": [
      "Education",
      "Healthcare",
      "Digital Inclusion"
    ],
    "annualCsrSpend": 300.0,
    "unspentCsr": 7.0,
    "methodOfExecution": [
      "Direct Implementation",
      "Partnerships"
    ],
    "geographicsOfInterest": [
      "India",
      "Africa"
    ]
  },
  {
    "companyName": "ITC Limited",
    "year": "2020-21",
    "totalTurnover": 53310.0,
    "netWorth": 48547.0,
    "isMandatedByLaw": true,
    "csrPolicies": [
      "Education",
      "Healthcare",
      "Environment Sustainability",
      "Livelihood Enhancement"
    ],
    "annualCsrSpend": 250.0,
    "unspentCsr": 5.0,
    "methodOfExecution": [
      "Direct Implementation",
      "Partnerships with NGOs",
      "Grants"
    ],
    "geographicsOfInterest": [
      "India"
    ]
  },
  {
    "companyName": "Bajaj Finance Limited",
    "year": "2020-21",
    "totalTurnover": 26045.0,
    "netWorth": 33992.0,
    "isMandatedByLaw": true,
    "csrPolicies": [
      "Education",
      "Skill Development",
      "Financial Inclusion",
      "Healthcare"
    ],
    "annualCsrSpend": 90.0,
    "unspentCsr": 3.0,
    "methodOfExecution": [
      "Direct Implementation",
      "Partnerships with NGOs",
      "Grants"
    ],
    "geographicsOfInterest": [
      "India"
    ]
  },
  {
    "companyName": "Adani Total Gas Ltd",
    "year": "2020-21",
    "totalTurnover": 1283.01,
    "netWorth": 4986.09,
    "isMandatedByLaw": true,
    "csrPolicies": [
      "Education",
      "Healthcare",
      "Skill Development",
      "Environment"
    ],
    "annualCsrSpend": 5.2,
    "unspentCsr": 0.5,
    "methodOfExecution": [
      "Direct Implementation",
      "Partnerships with NGOs",
      "Grants"
    ],
    "geographicsOfInterest": [
      "India"
    ]
  },
  {
    "companyName": "Kotak Mahindra Bank Ltd.",
    "year": "2020-21",
    "totalTurnover": 32083.21,
    "netWorth": 71983.39,
    "isMandatedByLaw": true,
    "csrPolicies": [
      "Education",
      "Healthcare",
      "Financial Inclusion",
      "Skill Development"
    ],
    "annualCsrSpend": 120.4,
    "unspentCsr": 2.3,
    "methodOfExecution": [
      "Direct Implementation",
      "Partnerships with NGOs",
      "Grants"
    ],
    "geographicsOfInterest": [
      "India"
    ]
  },
  {
    "companyName": "Adani Green Energy Ltd",
    "year": "2020-21",
    "totalTurnover": 303.78,
    "netWorth": 15091.17,
    "isMandatedByLaw": true,
    "csrPolicies": [
      "Renewable Energy",
      "Environment",
      "Community Development"
    ],
    "annualCsrSpend": 3.5,
    "unspentCsr": 0.4,
    "methodOfExecution": [
      "Direct Implementation",
      "Grants"
    ],
    "geographicsOfInterest": [
      "India"
    ]
  },
  {
    "companyName": "Bajaj Finserv Ltd.",
    "year": "2020-21",
    "totalTurnover": 60301.19,
    "netWorth": 37139.01,
    "isMandatedByLaw": true,
    "csrPolicies": [
      "Education",
      "Healthcare",
      "Financial Inclusion",
      "Skill Development"
    ],
    "annualCsrSpend": 90.7,
    "unspentCsr": 1.2,
    "methodOfExecution": [
      "Direct Implementation",
      "Partnerships with NGOs",
      "Grants"
    ],
    "geographicsOfInterest": [
      "India"
    ]
  },
  {
    "companyName": "Sun Pharmaceutical Industries Ltd.",
    "year": "2020-21",
    "totalTurnover": 33102.59,
    "netWorth": 56234.75,
    "isMandatedByLaw": true,
    "csrPolicies": [
      "Healthcare",
      "Education",
      "Access to Medicines"
    ],
    "annualCsrSpend": 104.3,
    "unspentCsr": 0.7,
    "methodOfExecution": [
      "Direct Implementation",
      "Partnerships with Healthcare NGOs",
      "Grants"
    ],
    "geographicsOfInterest": [
      "India",
      "Global"
    ]
  },
  {
    "companyName": "Titan Company Limited",
    "year": "2020-21",
    "totalTurnover": 21052.29,
    "netWorth": 7753.68,
    "isMandatedByLaw": true,
    "csrPolicies": [
      "Education",
      "Healthcare",
      "Skill Development",
      "Artisan Support"
    ],
    "annualCsrSpend": 47.8,
    "unspentCsr": 1.0,
    "methodOfExecution": [
      "Direct Implementation",
      "Partnerships with NGOs",
      "Grants"
    ],
    "geographicsOfInterest": [
      "India"
    ]
  },
  {
    "companyName": "Wipro Ltd.",
    "year": "2020-21",
    "totalTurnover": 61938.89,
    "netWorth": 55064.96,
    "isMandatedByLaw": true,
    "csrPolicies": [
      "Education",
      "Healthcare",
      "Digital Literacy",
      "Environmental Sustainability"
    ],
    "annualCsrSpend": 166.5,
    "unspentCsr": 0.8,
    "methodOfExecution": [
      "Direct Implementation",
      "Partnerships with NGOs",
      "Grants"
    ],
    "geographicsOfInterest": [
      "India",
      "Global"
    ]
  },
  {
    "companyName": "UltraTech Cement Ltd.",
    "year": "2020-21",
    "totalTurnover": 42121.02,
    "netWorth": 47468.22,
    "isMandatedByLaw": true,
    "csrPolicies": [
      "Education",
      "Healthcare",
      "Infrastructure Development",
      "Environment"
    ],
    "annualCsrSpend": 142.9,
    "unspentCsr": 1.3,
    "methodOfExecution": [
      "Direct Implementation",
      "Partnerships with NGOs",
      "Grants"
    ],
    "geographicsOfInterest": [
      "India"
    ]
  },
  {
    "companyName": "Nestlé India Ltd.",
    "year": "2020-21",
    "totalTurnover": 14089.43,
    "netWorth": 3195.89,
    "isMandatedByLaw": true,
    "csrPolicies": [
      "Nutrition",
      "Water Conservation",
      "Health and Wellness"
    ],
    "annualCsrSpend": 41.5,
    "unspentCsr": 0.9,
    "methodOfExecution": [
      "Direct Implementation",
      "Partnerships with NGOs",
      "Grants"
    ],
    "geographicsOfInterest": [
      "India"
    ]
  },
  {
    "companyName": "Adani Ports and Special Economic Zone Ltd. (APSEZ)",
    "year": "2020-21",
    "totalTurnover": 12555.88,
    "netWorth": 47364.75,
    "isMandatedByLaw": true,
    "csrPolicies": [
      "Education",
      "Healthcare",
      "Skill Development",
      "Maritime Development"
    ],
    "annualCsrSpend": 80.3,
    "unspentCsr": 1.5,
    "methodOfExecution": [
      "Direct Implementation",
      "Partnerships with NGOs",
      "Grants"
    ],
    "geographicsOfInterest": [
      "India"
    ]
  },
  {
    "companyName": "Oil and Natural Gas Corporation Ltd. (ONGC)",
    "year": "2020-21",
    "totalTurnover": 39678.56,
    "netWorth": 234857.67,
    "isMandatedByLaw": true,
    "csrPolicies": [
      "Education",
      "Healthcare",
      "Environmental Conservation",
      "Community Development"
    ],
    "annualCsrSpend": 350.2,
    "unspentCsr": 0.6,
    "methodOfExecution": [
      "Direct Implementation",
      "Partnerships with NGOs",
      "Grants"
    ],
    "geographicsOfInterest": [
      "India"
    ]
  },
  {
    "companyName": "JSW Steel",
    "year": "2020-21",
    "totalTurnover": 81965.85,
    "netWorth": 48322.45,
    "isMandatedByLaw": true,
    "csrPolicies": [
      "Education",
      "Healthcare",
      "Skill Development",
      "Environment"
    ],
    "annualCsrSpend": 225.4,
    "unspentCsr": 1.7,
    "methodOfExecution": [
      "Direct Implementation",
      "Partnerships with NGOs",
      "Grants"
    ],
    "geographicsOfInterest": [
      "India"
    ]
  },
  {
    "companyName": "NTPC Limited",
    "year": "2020-21",
    "totalTurnover": 103550.32,
    "netWorth": 130231.43,
    "isMandatedByLaw": true,
    "csrPolicies": [
      "Education",
      "Healthcare",
      "Renewable Energy",
      "Community Development"
    ],
    "annualCsrSpend": 320.5,
    "unspentCsr": 0.9,
    "methodOfExecution": [
      "Direct Implementation",
      "Partnerships with NGOs",
      "Grants"
    ],
    "geographicsOfInterest": [
      "India"
    ]
  }
]
